processed_date,client,revenue
2021/10/15,client_A,2718
2021/10/15,client_B,807
2021/10/15,client_C,2930
2021/10/15,client_D,1986
2021/10/15,client_E,2320
2021/10/15,client_F,1135
2021/10/16,client_A,1063
2021/10/16,client_B,-490
2021/10/16,client_C,2881
2021/10/16,client_D,787
2021/10/16,client_E,239
2021/10/16,client_F,891
2021/10/17,client_A,1724
2021/10/17,client_B,755
2021/10/17,client_C,667
2021/10/17,client_D,807
2021/10/17,client_E,2099
2021/10/17,client_F,210
2021/10/18,client_A,2124
2021/10/18,client_B,-121
2021/10/18,client_C,-162
2021/10/18,client_D,110
2021/10/18,client_E,1156
2021/10/18,client_F,2489
2021/10/19,client_A,1518
2021/10/19,client_B,2990
2021/10/19,client_C,2236
2021/10/19,client_D,1034
2021/10/19,client_E,2569
2021/10/19,client_F,1035
2021/10/20,client_A,140
2021/10/20,client_B,1230
2021/10/20,client_C,550
2021/10/20,client_D,327
2021/10/20,client_E,2012
2021/10/20,client_F,518
2021/10/21,client_A,2956
2021/10/21,client_B,476
2021/10/21,client_C,1912
2021/10/21,client_D,2707
2021/10/21,client_E,1646
2021/10/21,client_F,-373
2021/10/22,client_A,952
2021/10/22,client_B,2115
2021/10/22,client_C,-293
2021/10/22,client_D,2628
2021/10/22,client_E,1806
2021/10/22,client_F,1446
2021/10/23,client_A,1129
2021/10/23,client_B,175
2021/10/23,client_C,1356
2021/10/23,client_D,2837
2021/10/23,client_E,2661
2021/10/23,client_F,2718
